,Gewicht,Körpergröße,bmi
Julia,50,160,19.53125
Olha,60,165,22.038567493112946
Natalia,65,170,22.49134948096886
Simon,70,175,22.857142857142858
Lorena,80,180,24.691358024691358
Lisa,85,185,24.835646457268076
Maria,90,190,24.93074792243767
Andreas,95,195,24.983563445101904
Julian,100,200,25.0
Karl,110,205,26.174895895300416
